,company
Amazon,True
Microsoft,True
Google,True
Facebook,True
Apple,True
Oracle,True
Salesforce,True
Intel,True
IBM,True
Cisco,True
Uber,True
Capital One,True
LinkedIn,True
VMware,True
Qualcomm,True
JPMorgan Chase,True
Bloomberg,True
Goldman Sachs,True
Intuit,True
PayPal,True
Deloitte,True
Twitter,True
Adobe,True
Walmart Labs,True
Nvidia,True
Accenture,True
Expedia,True
eBay,True
Wayfair,True
SAP,True
Lyft,True
Netflix,True
Workday,True
Dropbox,True
Shopify,True
Airbnb,True
Dell Technologies,True
Atlassian,True
Visa,True
Snap,True
Yelp,True
Yahoo,True
ServiceNow,True
Tesla,True
Square,True
Stripe,True
Indeed,True
Yandex,True
ByteDance,True
Splunk,True
Zillow,True
Comcast,True
Broadcom,True
Spotify,True
T-Mobile,True
Nutanix,True
Pinterest,True
General Motors,True
Autodesk,True
American Express,True
EPAM Systems,True
Morgan Stanley,True
Boeing,True
Walmart,True
GoDaddy,True
Lockheed Martin,True
DoorDash,True
AMD,True
Ernst and Young,True
Samsung,True
Qualtrics,True
Cruise,True
Twilio,True
Instacart,True
Booking.com,True
Box,True
Northrop Grumman,True
Coinbase,True
PwC,True
Disney,True
Arm,True
Citi,True
Flipkart,True
Cerner,True
USAA,True
Epic Systems,True
Booz Allen Hamilton,True
Zalando,True
Verizon,True
Target,True
Groupon,True
Slalom,True
Palo Alto Networks,True
NetApp,True
Tableau Software,True
HubSpot,True
McKinsey,True
WeWork,True
Red Hat,True
DocuSign,True
Robinhood,True
Nike,True
Mastercard,True
Compass,True
Nordstrom,True
Slack,True
Grab,True
KPMG,True
AT&T,True
Electronic Arts,True
Citrix Systems Inc,True
Synopsys,True
Two Sigma,True
Barclays,True
Palantir,True
Raytheon,True
Tata Consultancy Services,True
HPE,True
Cognizant,True
Rubrik,True
amazon,True
Wells Fargo,True
Okta,True
Zendesk,True
Rally Health,True
Etsy,True
BlackRock,True
GitHub,True
Bank of America,True
Capgemini,True
Infosys,True
Bank of America Merrill Lynch,True
Roblox,True
Juniper Networks,True
Hulu,True
MathWorks,True
Charles Schwab,True
Roku,True
Blizzard Entertainment,True
Grubhub,True
Waymo,True
Nokia,True
Symantec,True
Citadel,True
MediaTek,True
SquareSpace,True
Fidelity Investments,True
GE Digital,True
Unity Technologies,True
Datadog,True
Credit Karma,True
ADP,True
Cloudera,True
SoFi,True
Akamai,True
Zoox,True
Publicis Sapient,True
The Home Depot,True
Optum,True
The New York Times Company,True
Audible,True
Flexport,True
Xilinx,True
Western Digital,True
Wish,True
NVIDIA,True
ThoughtWorks,True
Linkedin,True
F5 Networks,True
Argo AI,True
Shopee,True
Micron Technology,True
Blue Origin,True
BCG,True
Redfin,True
Mozilla,True
Ericsson,True
Rivian,True
Texas Instruments,True
State Farm,True
AWS,True
Marvell,True
Pivotal,True
Cadence Design Systems,True
Samsara,True
Affirm,True
BNY Mellon,True
Deutsche Bank,True
Siemens,True
EY,True
MongoDB,True
Chewy,True
ExxonMobil,True
Klarna,True
Reddit,True
Twitch,True
UBS,True
Bain,True
Convoy,True
ASML,True
Vanguard,True
Plaid,True
Honeywell,True
Pure Storage,True
Rakuten,True
Delivery Hero,True
Pandora,True
Riot Games,True
FactSet,True
Ford Motor,True
Skyscanner,True
Chevron,True
L3Harris Technologies,True
Informatica,True
Arista Networks,True
Asurion,True
Asana,True
Alibaba,True
Carta,True
Cox Automotive,True
Databricks,True
Cloudflare,True
SurveyMonkey,True
Ancestry,True
google,True
Applied Materials,True
Smartsheet,True
Gusto,True
Trend Micro,True
Zynga,True
Veritas Technologies,True
Nextdoor,True
Paytm,True
Pluralsight,True
Liberty Mutual,True
RBC,True
Thumbtack,True
SAP Concur,True
Coupang,True
Startup,True
New Relic,True
NCR,True
Starbucks,True
Stitch Fix,True
TripAdvisor,True
Medtronic,True
Garmin,True
McAfee,True
Zoom,True
Lam Research,True
HBO,True
TSMC,True
Huawei,True
Cohesity,True
Credit Suisse,True
Glassdoor,True
Verily Life Sciences,True
Gojek Tech,True
Fortinet,True
Chime,True
Avanade,True
Allstate,True
BCG Digital Ventures,True
Sony,True
Mailchimp,True
Yext,True
Supermicro,True
UiPath,True
Proofpoint,True
Canva,True
HERE Technologies,True
Veeva Systems,True
Thought Machine,True
Postmates,True
Dream11,True
microsoft,True
Zulily,True
Intercom,True
SpaceX,True
3M,True
Rackspace,True
Deliveroo,True
Confluent,True
Intel Corporation,True
KLA,True
Amazon Web Services,True
American Airlines,True
Better Mortgage,True
Philips,True
CVS Health,True
Brex,True
LiveRamp,True
DigitalOcean,True
Leidos,True
Ticketmaster,True
Fannie Mae,True
Snowflake,True
N26,True
Agoda,True
Schlumberger,True
Automattic,True
Northwestern Mutual,True
HashiCorp,True
ebay,True
CrowdStrike,True
Cummins,True
Ubisoft,True
Esri,True
Oath,True
Revolut,True
Peloton,True
Magic Leap,True
Macy's,True
GE,True
Elastic,True
Vistaprint,True
Illumina,True
Tinder,True
Oscar Health,True
Genentech,True
Best Buy,True
Swiggy,True
AppDynamics,True
PNC,True
Aetna,True
Criteo,True
Discover,True
Myntra,True
Anaplan,True
Sberbank,True
Cisco Systems,True
GlobalLogic,True
Paypal,True
Xandr,True
Thomson Reuters,True
intel,True
Careem,True
Johnson & Johnson,True
HSBC,True
Nuro,True
Sprout Social,True
Andela,True
Realtek,True
DraftKings,True
Fitbit,True
Mapbox,True
apple,True
Cimpress,True
Vimeo,True
NBCUniversal,True
Amadeus,True
Coursera,True
Quora,True
Viasat,True
Houzz,True
Analog Devices,True
Quicken Loans,True
Capital Group,True
Wise,True
Opendoor,True
Experian,True
Nielsen,True
Akuna Capital,True
HCL Technologies,True
JP Morgan Chase,True
HP,True
Tencent,True
Axon,True
C3.ai,True
Cornerstone OnDemand,True
Red Ventures,True
Flatiron Health,True
Guidewire Software,True
Abbott,True
Procter & Gamble,True
UKG,True
Aurora,True
Marqeta,True
Sonos,True
Humana,True
Genesys,True
Mathworks,True
BAE Systems,True
Cadence,True
CGI Group,True
Freshworks,True
LendingClub,True
Shutterstock,True
Gartner,True
Bosch,True
Adyen,True
Lenovo,True
WePay,True
Kroger,True
Prudential Financial,True
Cisco Meraki,True
OfferUp,True
IHS Markit,True
Just Eat,True
AppFolio,True
Wipro Limited,True
Bluecore,True
athenahealth,True
Chan Zuckerberg Initiative,True
facebook,True
ZS,True
Razorpay,True
oracle,True
Lowe's,True
realtor.com,True
Zoho,True
Perficient,True
Procore Technologies,True
Daimler,True
Globant,True
GitLab,True
Carvana,True
Discovery,True
SoundCloud,True
Deloitte Advisory,True
Zillow Group,True
Moody's,True
National Instruments,True
LogMeIn,True
Tanium,True
NortonLifeLock,True
Luxoft,True
OYO,True
Optimizely,True
Dolby Laboratories,True
Weave,True
IQVIA,True
SoftServe,True
Bosch Global,True
Oscar,True
RetailMeNot,True
MURAL,True
iCIMS,True
Commvault,True
NXP Semiconductors,True
Raytheon Technologies,True
MassMutual,True
Hewlett Packard Enterprise,True
Blackstone,True
Ally,True
Udemy,True
Roche,True
Teradata,True
Rippling,True
Equifax,True
Silicon Valley Bank,True
Clever,True
PepsiCo,True
MITRE,True
Loblaw Digital,True
Blue Yonder,True
Cigna,True
EPAM,True
NerdWallet,True
Blend,True
Microchip,True
DXC Technology,True
TELUS,True
Aptiv,True
Oliver Wyman,True
HP Inc,True
Chegg,True
General Atomics,True
Procore,True
Sprinklr,True
WarnerMedia,True
Sumo Logic,True
Bose,True
ViacomCBS,True
MobileIron,True
T. Rowe Price,True
Betterment,True
Arcesium,True
ZS Associates,True
Hudson River Trading,True
Airtable,True
Ciklum,True
Johnson and Johnson,True
Maxar Technologies,True
Niantic,True
Anduril Industries,True
Tenable,True
World Wide Technology,True
Poshmark,True
Charter Communications,True
Amdocs,True
Bayer,True
Squarespace,True
NASA JPL,True
cisco,True
Auth0,True
Improbable,True
Scale AI,True
SAIC,True
Cvent,True
Rent the Runway,True
Boston Consulting Group,True
FICO,True
vmware,True
The Trade Desk,True
Tripadvisor,True
DataRobot,True
Scotiabank,True
Optiver,True
Micro Focus,True
FIS,True
Mixpanel,True
SmartThings,True
Mindtree,True
Ciena,True
InMobi,True
Tesco,False
Alarm.com,False
MakeMyTrip,False
Spectrum,False
ASUS,False
Thoughtworks,False
Wix,False
Gap,False
Addepar,False
RingCentral,False
VMWare,False
Thermo Fisher Scientific,False
Paycom,False
Dish Network,False
MicroStrategy,False
Deloitte Consulting,False
Booking,False
Sophos,False
Microsoft Corporation,False
PlayStation,False
FedEx,False
Netskope,False
Lucid Motors,False
TCS,False
Shipt,False
Apple Inc.,False
Glovo,False
TuSimple,False
CGI,False
Collins Aerospace,False
SAS Software,False
Elsevier,False
Appian,False
ibm,False
FireEye,False
Logitech,False
Shutterfly,False
The Walt Disney Company,False
Quantcast,False
Hootsuite,False
Nasdaq,False
The Hartford,False
G-Research,False
Verizon Media,False
Ibm,False
Morningstar,False
Coupa Software,False
uber,False
Synology,False
Keysight,False
Dell,False
Realtor.com,False
Samsung Electronics America,False
Bandwidth,False
Manulife,False
Constant Contact,False
Bolt,False
Hubspot,False
Mercer,False
Docker,False
United Airlines,False
Ama,False
The D. E. Shaw Group,False
Patreon,False
Tower Research Capital,False
Mail.ru Group,False
Hitachi,False
McKesson,False
S&P Global,False
Lumen,False
Mphasis,False
Remitly,False
Better.com,False
Scribd,False
RBS,False
General Electric,False
Mic,False
Wolters Kluwer,False
Fiserv,False
Babylon Health,False
Jane Street,False
Motional,False
John Deere,False
BNP Paribas,False
Wipro,False
Wealthfront,False
Kaiser Permanente,False
Ford,False
GE Healthcare,False
OpenText,False
Infor,False
Athenahealth,False
Teladoc Health,False
Rapid7,False
Ansys,False
Intuitive,False
Relativity,False
DataArt,False
Turo,False
The Climate Corporation,False
Samsung Research America,False
CDK Global,False
Zocdoc,False
Mentor Graphics,False
Zscaler,False
Disney Streaming Services,False
Nubank,False
Ellie Mae,False
Overstock,False
Canonical,False
Southwest Airlines,False
Cambia Health Solutions,False
Dialpad,False
CloudKitchens,False
WP Engine,False
TD bank,False
Equinix,False
Eventbrite,False
Amazon.com,False
Grofers,False
Internet Brands,False
TransUnion,False
Figma,False
JPMorgan,False
Upstart,False
L3Harris,False
goPuff,False
Paylocity,False
American Family Insurance,False
Swisscom,False
Societe Generale,False
Fujitsu,False
AIG,False
Clearwater Analytics,False
Move,False
Bolt (EU),False
salesforce,False
Xero,False
Fetch Rewards,False
IGT,False
UnitedHealth Group,False
Volkswagen,False
Olo,False
Priceline,False
Pearson,False
Traveloka,False
Match,False
Expedia Group,False
TikTok,False
Ripple,False
Attentive,False
Zappos,False
PlayVS,False
Interactive Brokers,False
Amobee,False
Global Payments,False
Evernote,False
Bloomberg LP,False
Guidehouse,False
Docusign,False
AT Kearney,False
Apptio,False
Faire,False
Discord,False
Microchip Technology,False
Kohl's,False
NICE,False
ResMed,False
State Street,False
Intercontinental Exchange,False
Blink Health,False
Novetta,False
CIBC,False
CBRE,False
KeepTruckin,False
Xendit,False
Conduent,False
FLEXE,False
Benchling,False
Deloitte Consulting LLP,False
Sabre,False
Amplitude,False
KAYAK,False
Qualia,False
McKinsey & Company,False
OpenTable,False
Zenefits,False
Chase,False
Lumentum,False
Guardant Health,False
CACI International,False
Epsilon,False
ABB,False
PTC,False
Toyota USA,False
Blackbaud,False
Indigo,False
ActionIQ,False
23andMe,False
Costco Wholesale,False
Afterpay,False
paypal,False
Mitchell International,False
SiriusXM,False
MUFG,False
Tokopedia,False
8x8,False
Merck,False
Epic Games,False
iRobot,False
Office Depot,False
Illumio,False
Susquehanna International Group,False
Course Hero,False
samsung,False
Ceridian,False
Webflow,False
Parsons,False
U.S. Bank,False
LendingTree,False
Metromile,False
Acorns,False
CoverMyMeds,False
HelloFresh,False
InVision,False
Jane Street Capital,False
Contentful,False
Manhattan Associates,False
qualcomm,False
Under Armour,False
Activision,False
Bird,False
Vonage,False
Duolingo,False
Adevinta,False
IXL Learning,False
Hopper,False
Fifth Third Bank,False
LEK,False
Bill.com,False
Degreed,False
Verkada,False
Align Technology,False
IMC,False
Cirrus Logic,False
Ivanti,False
Schneider Electric,False
Ibotta,False
Guidewire,False
Strategy by PwC,False
Zapier,False
LeanTaaS,False
Nintendo,False
Epam,False
Trimble,False
ActiveCampaign,False
Domo,False
Point72,False
Appier,False
Seagate,False
Nuance Communications,False
Travelers,False
Silicon Labs,False
Renesas Electronics,False
Segment,False
Clari,False
Ebay,False
Citibank,False
Micron,False
Continental,False
GoCardless,False
Motorola,False
2U,False
XPO Logistics,False
Lucid Software,False
Workhuman,False
Granular,False
Rover,False
Moody's Analytics,False
Iterable,False
Wattpad,False
linkedin,False
Foursquare,False
First Republic Bank,False
SS&C Technologies,False
Sandia National Labs,False
Ford Motor Company,False
BrowserStack,False
Synaptics,False
Capital one,False
Johnson Controls,False
Neustar,False
SolarWinds,False
Dexcom,False
Fast Enterprises,False
Squarepoint Capital,False
Ola,False
Kraken,False
HackerRank,False
CACI,False
Blackrock,False
MSFT,False
Godaddy,False
Airtel India,False
Five Rings,False
10x Genomics,False
AppDirect,False
Khoros,False
Mediaocean,False
McDonald's,False
Sonder,False
Rappi,False
ServiceTitan,False
H-E-B,False
Sysdig,False
Baidu,False
Grid Dynamics,False
Travelport,False
Weedmaps,False
Soroco,False
Panasonic,False
Centene,False
Checkr,False
Jump Trading,False
Egen Solutions,False
BlockFi,False
fuboTV,False
Clearbanc,False
Ocado Technology,False
Vrbo,False
Media.net,False
Snapdocs,False
Mediatek,False
Fastly,False
Epam Systems,False
Bain & Company,False
Ultimate Software,False
Alteryx,False
Other,False
Monzo,False
Fanatics,False
Capsule,False
Nylas,False
Mutual of Omaha,False
Petuum,False
PhonePe,False
Freddie Mac,False
Avalara,False
ZoomInfo,False
CoStar Group,False
Pegatron,False
Tradeweb,False
Deliverr,False
Beyond Limits,False
Carrier,False
Enova International,False
udaan.com,False
Workiva,False
Toast,False
One Medical,False
Virtusa,False
Visa Inc,False
TomTom,False
Pegasystems,False
CarGurus,False
sap,False
Juniper Square,False
Perspecta,False
DRW,False
SailPoint,False
CommScope,False
Care.com,False
Synchrony,False
PagerDuty,False
ZipRecruiter,False
Rescale,False
Coupa,False
startup,False
Anonymous,False
NTT DATA,False
Ironclad,False
Tekion,False
Tempus,False
Sage,False
Maxim Integrated,False
Allianz,False
Verint,False
Aruba Networks,False
Johnson,False
Blackhawk Network,False
Dassault Systemes,False
OneTrust,False
Willis Towers Watson,False
Clear Street,False
Bridgewater Associates,False
Starling Bank,False
Doctolib,False
PDT Partners,False
John Hancock,False
Synechron,False
Comscore,False
Geico,False
Aws,False
LivePerson,False
Amgen,False
TIBCO Software,False
GE Aviation,False
Unilever,False
Genpact,False
Gigamon,False
Albertsons,False
League,False
Root Insurance,False
Bankers Healthcare Group,False
WHOOP,False
DiDi,False
NIO,False
CapTech,False
JP Morgan,False
Ping Identity,False
Moveworks,False
Delphix,False
Natera,False
Latch,False
ManTech International,False
Ubiquiti,False
Tyler Technologies,False
Wealthsimple,False
Clover Health,False
General Dynamics Mission Systems,False
edX,False
BlackBerry,False
nvidia,False
DoubleVerify,False
Cyngn,False
Bukalapak,False
Sephora,False
Panasonic Avionics,False
Chick-fil-A,False
Zeta,False
Staples,False
Akamai Technologies,False
Zomato,False
ICF,False
FullStory,False
Medium,False
Cox Enterprises,False
Mi,False
Puppet,False
CircleCI,False
FTI Consulting,False
Alation,False
Nuance,False
Collective Health,False
Costco,False
Medallia,False
The Voleon Group,False
iManage,False
"Macy's,",False
HCA Healthcare,False
CA Technologies,False
Instabase,False
Meijer,False
Hyperscience,False
Glu Mobile,False
Policygenius,False
Klaviyo,False
JUUL Labs,False
MarketAxess,False
Infoblox,False
StockX,False
Korn Ferry,False
Arrival,False
Aruba,False
Autonomic,False
Kajabi,False
Stash,False
Turbonomic,False
Mobileiron,False
Sisense,False
Excella,False
Principal Financial Group,False
Bumble,False
Quantiphi,False
Pariveda Solutions,False
Swiss Re,False
loanDepot,False
Nerdwallet,False
Circle,False
Sift,False
Stack Overflow,False
OPPO,False
Amazon web services,False
Danaher,False
Fractal Analytics,False
Crowdstrike,False
Endava,False
Snapchat,False
Upwork,False
Cabify,False
Headspace,False
EquipmentShare,False
Alaska Airlines,False
SingleStore,False
General Dynamics Information Technology,False
Jet Propulsion Laboratory,False
Algolia,False
Shell,False
CSG,False
Tiktok,False
Delta Air Lines,False
Warby Parker,False
Virtu Financial,False
Zebra Technologies,False
Meesho,False
Doximity,False
GSK,False
KPIT,False
Buildium,False
Loom,False
Grammarly,False
InterSystems,False
CME Group,False
shopee,False
Codecademy,False
Toyota Research Institute,False
Mendix,False
DTCC,False
Discover Financial Services,False
Tinkoff,False
Unisys,False
Avaya,False
Postman,False
Podium,False
Infosys Ltd,False
DISH Network,False
Feedzai,False
LTI,False
Edwards Lifesciences,False
Appfolio,False
QuantumBlack,False
Farfetch,False
Integral Ad Science,False
Mellanox,False
Earnest,False
DAZN Group,False
iHerb,False
Numerator,False
SAS,False
Refinitiv,False
SPS Commerce,False
Dynatrace,False
Sony Interactive Entertainment,False
Button,False
Ernst & Young,False
Gemini,False
Acquia,False
Robert Half,False
JCPenney,False
CBS Interactive,False
Jio,False
Stryker,False
Drift.com,False
Change.org,False
Cockroach Labs,False
Deutsche Telekom,False
ING,False
Dow Jones,False
RentPath,False
Bazaarvoice,False
GlobalFoundries,False
Adidas,False
raytheon,False
Thoughtspot,False
HomeAdvisor,False
Barracuda Networks,False
TUNE,False
Juniper,False
NextEra Analytics,False
TEKsystems,False
verizon,False
EY-Parthenon,False
AlphaSights,False
Astrazeneca,False
CarMax,False
BigCommerce,False
E*TRADE,False
Appdynamics,False
Lowes,False
Bytedance,False
Cure.Fit,False
Liberty Mutual Insurance,False
Walmart labs,False
Talend,False
Fanduel,False
7-Eleven,False
Couchbase,False
Altran,False
Telus,False
MessageBird,False
StubHub,False
iHeartRadio,False
BuzzFeed,False
TIAA,False
SAS Institute,False
BlackLine,False
AppLovin,False
Qualcomm Inc,False
InvestCloud,False
Opentext,False
Playstation,False
Motorola Solutions,False
Tipalti,False
TrueCar,False
Netapp,False
Costar Group,False
Infinera,False
Here Technologies,False
servicenow,False
Google LLC,False
Top Hat,False
walmart,False
Airbus,False
ThoughtSpot,False
Factset,False
Doordash,False
AMAZON,False
General Mills,False
FanDuel,False
palo alto networks,False
GEICO,False
Amzon,False
GrubHub,False
Intuitive Surgical,False
twitter,False
airbnb,False
MetLife,False
Dish,False
T-mobile,False
VISA,False
ARM,False
ON Semiconductor,False
Fireeye,False
Goldman sachs,False
wework,False
alibaba,False
TOAST,False
nokia,False
Asus,False
Intel corporation,False
XING,False
EverQuote,False
CIsco,False
STChealth,False
UBER,False
Sap,False
TriNet,False
Truckstop.com,False
Vmware,False
Zoominfo,False
Applied materials,False
Keeptruckin,False
Test,False
Nextera Analytics,False
3m,False
STCHealth,False
zoox,False
Hsbc,False
NXP,False
Thought machine,False
Here,False
PWC,False
Mcafee,False
Gojek,False
On Semiconductor,False
Servicenow,False
Blackberry,False
Warnermedia,False
Arista,False
VERISIGN,False
Cognizant Technology Solutions,False
AMazon,False
HomeAway,False
Applovin,False
netskope,False
MICROSOFT,False
truckstop.com,False
synopsys,False
indeed,False
TaskRabbit,False
Tcs,False
Deloitte consulting,False
F5 networks,False
talend,False
illumina,False
gojek,False
Wework,False
postmates,False
tcs,False
Taskrabbit,False
Kpmg,False
Xing,False
Verisign,False
virtusa,False
yahoo,False
Cornerstone Ondemand,False
target,False
mi,False
Juniper networks,False
capital one,False
vizio,False
SmartSheet,False
arista,False
bytedance,False
adobe,False
Mckesson,False
cisco systems,False
Carmax,False
QUEST DIAGNOSTICS,False
American express,False
test,False
Everquote,False
Quest diagnostics,False
workday,False
adidas,False
Pagerduty,False
tesla,False
zillow,False
goldman sachs,False
HERE,False
MasterCard,False
Palo Alto networks,False
smartsheet,False
leidos,False
Red hat,False
wells fargo,False
Iheartradio,False
Homeaway,False
hpe,False
Nxp,False
broadcom,False
Mail.Ru Group,False
visa,False
Sofi,False
intuitive surgical,False
Vizio,False
ANSYS,False
cvs health,False
mcafee,False
Cloudkitchens,False
IDEMIA,False
DISH,False
Nice,False
Juul Labs,False
beyond limits,False
APPLE,False
NTT Data,False
Rally health,False
lockheed martin,False
Cargurus,False
GOJEK,False
Idemia,False
oppo,False
pwc,False
media.net,False
Publicis sapient,False
cloudera,False
Browserstack,False
Ubs,False
Cornerstone onDemand,False
GE digital,False
zillow group,False
SYNOPSYS,False
other,False
metlife,False
Two sigma,False
nutanix,False
CVS health,False
taskrabbit,False
logmein,False
JP morgan,False
SAS institute,False
fiserv,False
Gitlab,False
Pwc,False
Fannie mae,False
bank of america,False
Inmobi,False
commvault,False
bcg,False
snapchat,False
ocado technology,False
vrbo,False
zynga,False
zendesk,False
cgi,False
Hashicorp,False
siemens,False
The home depot,False
JPmorgan Chase,False
micron,False
PayTm,False
7-eleven,False
yandex,False
Bank Of America,False
NORTHROP GRUMMAN,False
First Republic bank,False
infinera,False
Fullstory,False
kpmg,False
Transunion,False
airbus,False
quora,False
GOLDMAN SACHS,False
mailchimp,False
Costco wholesale,False
Dish network,False
american family insurance,False
argo ai,False
Moody's analytics,False
BOeing,False
cibc,False
Stubhub,False
tripadvisor,False
MAXAR Technologies,False
roche,False
pagerduty,False
Tsmc,False
MIcrosoft,False
zapier,False
sony,False
Pure storage,False
seagate,False
applied materials,False
Hp Inc,False
Ge,False
capsule,False
Intersystems,False
CISCO SYSTEMS,False
XILINX,False
Udaan.com,False
Freddie mac,False
policygenius,False
E*Trade,False
prudential financial,False
Global payments,False
American family insurance,False
coupa software,False
american airlines,False
Loandepot,False
axon,False
Doubleverify,False
united airlines,False
epsilon,False
intuit,False
Truecar,False
shutterstock,False
ticketmaster,False
ubs,False
ARUBA,False
VIZIO,False
Align technology,False
Sap Concur,False
opentext,False
analog devices,False
veritas technologies,False
Quantumblack,False
S&P GLOBAL,False
VolksWagen,False
INTEL corporation,False
Saic,False
Guardant health,False
amplitude,False
mphasis,False
Siriusxm,False
SalesForce,False
rapid7,False
EBAY,False
Retailmenot,False
Surveymonkey,False
kroger,False
Messagebird,False
Exxonmobil,False
globalfoundries,False
liberty mutual insurance,False
Western digital,False
Cadence design systems,False
couchbase,False
tencent,False
JPMORGAN,False
TD Bank,False
Oyo,False
Mckinsey & Company,False
Cadence Design systems,False
Globallogic,False
amzon,False
arm,False
Qualcomm inc,False
ZS associates,False
Jp morgan chase,False
Mutual Of Omaha,False
HP inc,False
ge healthcare,False
fico,False
GENERAL ATOMICS,False
Csg,False
IHeartRadio,False
lenovo,False
Activecampaign,False
lyft,False
macy's,False
CiSco,False
liveperson,False
Ringcentral,False
liberty mutual,False
chase,False
canva,False
MixPanel,False
yelp,False
akamai,False
instacart,False
Kla,False
nuance communications,False
SAMSUNG,False
ORACLE,False
Samsung research America,False
GE HEALTHCARE,False
warby parker,False
Coupa software,False
LogmeIn,False
amgen,False
capgemini,False
apptio,False
coupa,False
national instruments,False
foursquare,False
Rent The Runway,False
dexcom,False
discovery,False
schlumberger,False
Charles schwab,False
Teksystems,False
Massmutual,False
Gopuff,False
grab,False
idemia,False
keeptruckin,False
DoctoLib,False
walmart labs,False
Cognizant Technology solutions,False
Kayak,False
fortinet,False
Buzzfeed,False
twitch,False
citadel,False
veeva systems,False
Liberty mutual,False
Boston consulting group,False
atlassian,False
MailChimp,False
VmWare,False
cloudflare,False
coupang,False
General mills,False
Veritas technologies,False
On semiconductor,False
Makemytrip,False
Mitre,False
Cure.fit,False
jp morgan,False
c3.ai,False
ultimate software,False
microstrategy,False
brex,False
microsoft corporation,False
National instruments,False
TATA Consultancy Services,False
GOogle,False
sony interactive entertainment,False
verkada,False
chevron,False
cohesity,False
Quest Diagnostics,False
swiggy,False
Bloomberg lp,False
Â Google,False
deloitte,False
Cambia health solutions,False
Hellofresh,False
bandwidth,False
Ernst and young,False
CBS interactive,False
keysight,False
Bank of america,False
Glu mobile,False
proofpoint,False
juniper,False
realtek,False
investcloud,False
Icims,False
Liveperson,False
ca technologies,False
Lendingclub,False
tableau software,False
Blackline,False
google llc,False
Trinet,False
Western DIgital,False
Msft,False
IRobot,False
Ge digital,False
SCHNEIDER ELECTRIC,False
fastly,False
Tune,False
discover,False
Willis towers watson,False
lowes,False
pandora,False
comcast,False
top hat,False
American airlines,False
homeadvisor,False
altran,False
Jpmorgan,False
roku,False
QUALCOMM,False
GE healthcare,False
american express,False
Mural,False
Deutsche bank,False
Micron technology,False
cadence design systems,False
agoda,False
citi,False
SONY,False
Collins aerospace,False
chewy,False
magic leap,False
philips,False
bosch,False
intel corporation,False
Logmein,False
SquarePoint capital,False
Alphasights,False
wayfair,False
Commscope,False
World wide technology,False
BazaarVoice,False
Constant contact,False
Nxp semiconductors,False
chegg,False
Cgi group,False
BLOOMBERG LP,False
HP INC,False
Cisco systems,False
trinet,False
panasonic,False
Amd,False
Fedex,False
Cirrus logic,False
Tiaa,False
Motorola solutions,False
Bigcommerce,False
LEIDOS,False
hitachi,False
synaptics,False
ixl learning,False
Aruba networks,False
stubhub,False
BOOKING.COM,False
EBay,False
Visa inc,False
Phonepe,False
mapbox,False
Virtu financial,False
cognizant technology solutions,False
Liveramp,False
auth0,False
box,False
Pnc,False
peloton,False
Microstrategy,False
Credit suisse,False
tipalti,False
mastercard,False
DREAM11,False
CIena,False
houzz,False
EY-parthenon,False
barracuda networks,False
blend,False
zoom,False
nxp semiconductors,False
Ge aviation,False
NASDAQ,False
CISCO,False
Fis,False
Irobot,False
Servicetitan,False
Bny Mellon,False
Mckinsey,False
Wepay,False
Jp Morgan,False
StartUp,False
Wells fargo,False
AthenaHealth,False
cerner,False
samsara,False
Red ventures,False
Credit karma,False
Metlife,False
wipro,False
zoominfo,False
AstraZeneca,False
wish,False
